L1D_Size,Execution_Ticks,L1D_Hit_Rate
16kB,128217564000,0.4993178797587473
32kB,128207895000,0.49941169034719535
64kB,79552142000,0.9748737719900814
