L1D_Size,Execution_Ticks,L1D_Hit_Rate
16kB,1074187114000,0.4994603148780684
32kB,1074187114000,0.49947474393378694
64kB,1074187114000,0.4994979250396954
