L1D_Size,Execution_Ticks,L1D_Hit_Rate
16kB,10513569000,0.9504727112514457
32kB,9906383000,0.996842472417528
64kB,9889126000,0.9981550492904742
