L1D_Size,Execution_Ticks,L1D_Hit_Rate
16kB,1477184000,0.9103595396573981
32kB,1476840000,0.9870246633938398
64kB,1476549000,0.9903000981526787
