L1D_Size,Execution_Ticks,L1D_Hit_Rate
16kB,14756811000,0.49005629599897965
32kB,14754289000,0.4903089175401665
64kB,11038593000,0.9543444673423502
